cluster;type;level;user;org_id;org_name
0;business ;0;IE061_ifamedia;IE061;irish_farmers_association
0;business ;0;IE057_icmsa;IE057;irish_creamery_milk_suppliers_association
0;business ;1;IE061_buckleytadhg;IE061;irish_farmers_association
0;business ;1;IE061_brianrushe81;IE061;irish_farmers_association
0;business ;1;IE061_elainemcfarrell;IE061;irish_farmers_association
0;business ;3;IE061_jimmulh;IE061;irish_farmers_association
0;business ;3;IE061_alanjagoe_macra;IE061;irish_farmers_association
0;business ;3;IE061_haroldkingston1;IE061;irish_farmers_association
0;business ;3;IE061_nrenaghan;IE061;irish_farmers_association
0;business ;3;IE061_cfarrellifa;IE061;irish_farmers_association
0;business ;3;IE061_denisgriffin4;IE061;irish_farmers_association
0;business ;3;IE061_patmurp87363400;IE061;irish_farmers_association
0;business ;3;IE061_dairytaxaccount;IE061;irish_farmers_association
0;business ;3;IE061_roygalway;IE061;irish_farmers_association
0;business ;3;IE061_ainepoconnell;IE061;irish_farmers_association
0;business ;3;IE061_brendangolden5;IE061;irish_farmers_association
0;business ;3;IE061_elainefarrell19;IE061;irish_farmers_association
0;business ;3;IE057_smyth1paul;IE057;irish_creamery_milk_suppliers_association
0;business ;3;IE061_padraicjoyce1;IE061;irish_farmers_association
0;business ;3;IE061_shanewhelan4;IE061;irish_farmers_association
0;business ;3;IE061_maxpotterton;IE061;irish_farmers_association
0;business ;3;IE061_frankfrankbrady;IE061;irish_farmers_association
0;party;3;IE045_martinheydonfg;IE045;fine_gael
0;science;0;IE073_meteireann;IE073;met_eireann
0;science;0;IE089_teagasc;IE089;teagasc
0;science;1;IE089_stjlalor;IE089;teagasc
0;science;2;IE089_teagascforestry;IE089;teagasc
0;science;2;IE089_teagascbeef;IE089;teagasc
0;science;2;IE089_teagascenviron;IE089;teagasc
0;science;2;IE089_teagasccrops;IE089;teagasc
0;science;2;IE089_teagaschortnbg;IE089;teagasc
0;science;2;IE089_kc_horticulture;IE089;teagasc
0;science;2;IE089_tdairyexp;IE089;teagasc
0;science;3;IE089_orlaos;IE089;teagasc
0;science;3;IE089_fmeade;IE089;teagasc
0;science;3;IE089_cbteagasc;IE089;teagasc
0;science;3;IE089_kev_han;IE089;teagasc
0;science;3;IE089_aineregan;IE089;teagasc
0;science;3;IE089_dillonemj;IE089;teagasc
0;science;3;IE089_brijeshktiwari;IE089;teagasc
0;science;3;IE089_kkamb10;IE089;teagasc
0;science;3;IE089_josephdunphy1;IE089;teagasc
0;science;3;IE089_gibson_mark;IE089;teagasc
0;science;3;IE089_seandoorley;IE089;teagasc
0;science;3;IE089_francisbligh;IE089;teagasc
0;science;3;IE089_kildea1;IE089;teagasc
0;science;3;IE089_cathalsomers;IE089;teagasc
0;science;3;IE089_jgskenny;IE089;teagasc
0;science;3;IE089_bioluisinho;IE089;teagasc
0;science;3;IE089_daithik2000;IE089;teagasc
0;science;3;IE089_pearsekelly4;IE089;teagasc
0;science;3;IE089_tk778899;IE089;teagasc
0;science;3;IE089_mike_dineen_;IE089;teagasc
0;science;3;IE089_boland1992;IE089;teagasc
0;science;3;IE089_pcmoylanpat;IE089;teagasc
0;science;3;IE089_mick_gaffney;IE089;teagasc
0;science;3;IE089_caslinbarry;IE089;teagasc
0;science;3;IE089_hennessydeirdre;IE089;teagasc
0;science;3;IE089_caitdebr;IE089;teagasc
0;science;3;IE089_nicholaslbyrne;IE089;teagasc
0;science;3;IE089_josimar1677;IE089;teagasc
0;science;3;IE089_phelanshay;IE089;teagasc
0;science;3;IE089_cian_condon;IE089;teagasc
0;science;3;IE089_viviansilke;IE089;teagasc
0;science;3;IE089_burchill_w;IE089;teagasc
0;science;3;IE089_owenppower;IE089;teagasc
0;science;3;IE089_meredith_tegasc;IE089;teagasc
0;science;3;IE089_lybridget;IE089;teagasc
0;science;3;IE089_shayessandra;IE089;teagasc
0;science;3;IE089_jameskeane2017;IE089;teagasc
0;science;3;IE089_eoinlyons21;IE089;teagasc
0;science;3;IE089_pauldcotter;IE089;teagasc
0;science;3;IE089_tomodwyer8;IE089;teagasc
0;science;3;IE089_kirwanstuart;IE089;teagasc
0;science;3;IE089_whittenivan;IE089;teagasc
0;science;3;IE089_amolloy_3;IE089;teagasc
0;science;3;IE089_nualanif;IE089;teagasc
0;science;3;IE089_quinnamy1;IE089;teagasc
0;science;3;IE089_markdptreacy;IE089;teagasc
0;science;3;IE089_jimemoyles;IE089;teagasc
0;science;3;IE089_jimnagh;IE089;teagasc
0;science;3;IE089_riverhouse_foto;IE089;teagasc
0;state;0;IE005_bordbia;IE005;bord_bia
0;state;0;IE022_agriculture_ie;IE022;department_of_agriculture_food_and_the_marine
0;state;1;IE022_martinheydonfg;IE022;department_of_agriculture_food_and_the_marine
0;state;1;IE022_colmhayes1;IE022;department_of_agriculture_food_and_the_marine
0;state;2;IE005_origingreen;IE005;bord_bia
0;state;2;IE030_dcctraffic;IE030;dublin_city_council
0;state;2;IE090_tiitraffic;IE090;transport_infrastructure_ireland
0;state;3;IE005_gallagct;IE005;bord_bia
0;state;3;IE005_mogahan;IE005;bord_bia
0;state;3;IE022_dalecrammond;IE022;department_of_agriculture_food_and_the_marine
0;state;3;IE005_orlaghcunningha;IE005;bord_bia
0;state;3;IE005_gourmetgrazing;IE005;bord_bia
0;state;3;IE015_birrdots;IE015;coillte
1;business ;0;IE009_chambersireland;IE009;chambers_ireland
1;business ;0;IE007_bitcireland;IE007;business_in_the_community_ireland
1;business ;0;IE084_simi_ie;IE084;society_of_the_irish_motor_industry
1;business ;1;IE063_jfjohnston;IE063;irish_offshore_operators_association
1;business ;1;IE007_tomassercovich;IE007;business_in_the_community_ireland
1;business ;1;IE007_phelanber;IE007;business_in_the_community_ireland
1;business ;2;IE007_bitcieducation;IE007;business_in_the_community_ireland
1;business ;2;IE007_bitcemployment;IE007;business_in_the_community_ireland
1;business ;3;IE007_germainenoonan;IE007;business_in_the_community_ireland
1;business ;3;IE007_eleanorwalsh2;IE007;business_in_the_community_ireland
1;business ;3;IE007_nathaliepavone;IE007;business_in_the_community_ireland
1;business ;3;IE007_csrhead;IE007;business_in_the_community_ireland
1;business ;3;IE007_mjindublin;IE007;business_in_the_community_ireland
1;business ;3;IE007_darinaeades;IE007;business_in_the_community_ireland
1;business ;3;IE009_siobhanoshea21;IE009;chambers_ireland
1;business ;3;IE007_breda_hegarty;IE007;business_in_the_community_ireland
1;energy;0;IE092_windenergyirl;IE092;wind_energy_ireland
1;energy;0;IE086_sseairtricity;IE086;sse
1;energy;0;IE055_irishbioenergy;IE055;irish_bioenergy_association
1;energy;0;IE036_electricityai;IE036;electricity_association_of_ireland
1;energy;0;IE041_esbgroup;IE041;esb
1;energy;0;IE065_ire_isea;IE065;irish_solar_energy_association
1;energy;1;IE058_davconnolly;IE058;irish_district_energy_association
1;energy;1;IE092_moranjustin;IE092;wind_energy_ireland
1;energy;1;IE055_noelgavigan;IE055;irish_bioenergy_association
1;energy;1;IE055_phelanp1;IE055;irish_bioenergy_association
1;energy;1;IE065_bolgerconall;IE065;irish_solar_energy_association
1;energy;1;IE055_finan_sean;IE055;irish_bioenergy_association
1;energy;1;IE060_phelanp1;IE060;irish_energy_storage_association
1;energy;1;IE058_donnagartland;IE058;irish_district_energy_association
1;energy;2;IE041_esbarchives;IE041;esb
1;energy;3;IE041_bevinc;IE041;esb
1;energy;3;IE041_deefmcp;IE041;esb
1;ngo;0;IE062_irishgbc;IE062;irish_green_building_council
1;ngo;0;IE034_ecounesco;IE034;eco_unesco
1;ngo;3;IE001_grarrryan;IE001;an_taisce
1;ngo;3;IE001_gar_tyrrell;IE001;an_taisce
1;party;3;IE045_seankellymep;IE045;fine_gael
1;state;0;IE030_dubcitycouncil;IE030;dublin_city_council
1;state;0;IE064_irishrurallink;IE064;irish_rural_link
1;state;0;IE035_eirgrid;IE035;eirgrid
1;state;0;IE014_codemadublin;IE014;codema
1;state;0;IE015_coilltenews;IE015;coillte
1;state;0;IE006_bordnamona;IE006;bord_namona
1;state;0;IE080_seai_ie;IE080;seai
1;state;0;IE023_dept_ecc;IE023;department_of_the_environment_climate_and_communications
1;state;0;IE077_tfiupdates;IE077;national_transport_authority
1;state;1;IE080_fergus_sharkey;IE080;seai
1;state;1;IE064_smsboland;IE064;irish_rural_link
1;state;1;IE078_mauricebuck;IE078;office_public_works
1;state;1;IE080_dmeally;IE080;seai
1;state;1;IE080_jimmerz50;IE080;seai
1;state;1;IE080_tomehalpin;IE080;seai
1;state;1;IE014_donnagartland;IE014;codema
1;state;1;IE064_teefarr;IE064;irish_rural_link
1;state;1;IE016_jamesagannon;IE016;commission_for_regulation_of_utilities
1;state;1;IE035_markfoleyce;IE035;eirgrid
1;state;2;IE030_dubcityarc;IE030;dublin_city_council
1;state;2;IE015_julieannennis;IE015;coillte
1;state;2;IE030_wiser_life;IE030;dublin_city_council
1;state;2;IE030_dublin_ie;IE030;dublin_city_council
1;state;3;IE014_pjrudden;IE014;codema
1;state;3;IE030_jcudden;IE030;dublin_city_council
1;state;3;IE035_dooleysinead;IE035;eirgrid
1;state;3;IE080_gilliangannon;IE080;seai
1;state;3;IE015_ciaranfallon1;IE015;coillte
1;state;3;IE080_orlanicsuibhne;IE080;seai
1;state;3;IE015_pauljordan101;IE015;coillte
1;state;3;IE030_michaelryandub;IE030;dublin_city_council
1;state;3;IE030_jotravers_dub;IE030;dublin_city_council
1;state;3;IE030_mainard_;IE030;dublin_city_council
1;state;3;IE014_ekat_tikhoniouk;IE014;codema
2;ngo;0;IE079_oxfamireland;IE079;oxfam
2;ngo;0;IE088_tascblog;IE088;tasc
2;ngo;0;IE091_trocaire;IE091;trocaire
2;ngo;0;IE087_scc_ireland;IE087;stop_climate_chaos
2;ngo;0;IE001_antaisce;IE001;an_taisce
2;ngo;0;IE004_birdwatchie;IE004;birdwatch
2;ngo;0;IE068_jcfjustice;IE068;jesuit_centre_for_faith_and_justice
2;ngo;0;IE047_foeireland;IE047;friends_of_the_earth
2;ngo;0;IE043_feasta_tweets;IE043;feasta
2;ngo;0;IE048_fieireland;IE048;friends_of_the_irish_environment
2;ngo;0;IE012_cjnecovillage;IE012;cloughjordan_ecovillage
2;ngo;0;IE010_christianaidirl;IE010;christian_aid
2;ngo;0;IE037_env_pillar;IE037;environmental_pillar
2;ngo;0;IE021_cyclistie;IE021;cyclist_ie_irish_cycling_advocacy_network
2;ngo;1;IE001_philkearney;IE001;an_taisce
2;ngo;1;IE079_jimclarken;IE079;oxfam
2;ngo;1;IE010_sorleymccaughey;IE010;christian_aid
2;ngo;1;IE012_ronanmkennedy;IE012;cloughjordan_ecovillage
2;ngo;1;IE091_cdebarra;IE091;trocaire
2;ngo;1;IE043_grahamjbarnes;IE043;feasta
2;ngo;1;IE037_downdogdublin;IE037;environmental_pillar
2;ngo;1;IE004_chriscorrigan3;IE004;birdwatch
2;ngo;1;IE010_rosamondbennett;IE010;christian_aid
2;ngo;1;IE091_johnsmithcork;IE091;trocaire
2;ngo;1;IE059_aoifekirk;IE059;irish_doctors_for_the_environment
2;ngo;1;IE048_judydaleosborne;IE048;friends_of_the_irish_environment
2;ngo;1;IE010_donohoe_p;IE010;christian_aid
2;ngo;1;IE001_ian_lumley;IE001;an_taisce
2;ngo;1;IE091_finola_finnan;IE091;trocaire
2;ngo;1;IE048_ian_lumley;IE048;friends_of_the_irish_environment
2;ngo;1;IE047_oisincoghlan;IE047;friends_of_the_earth
2;ngo;1;IE004_jimfitzharris;IE004;birdwatch
2;ngo;1;IE059_olaln;IE059;irish_doctors_for_the_environment
2;ngo;2;IE004_birdsmatter_ie;IE004;birdwatch
2;ngo;2;IE004_birdscount_ie;IE004;birdwatch
2;ngo;3;IE004_bburke88;IE004;birdwatch
2;ngo;3;IE013_oisincoghlan;IE013;coalition_2030_ireland
2;ngo;3;IE091_miriamdonohoe;IE091;trocaire
2;ngo;3;IE018_alienwardrobe;IE018;concern
2;ngo;3;IE059_sadhbh_lee;IE059;irish_doctors_for_the_environment
2;ngo;3;IE091_janemellett;IE091;trocaire
2;ngo;3;IE004_naturenymph;IE004;birdwatch
2;ngo;3;IE010_conoraon;IE010;christian_aid
2;ngo;3;IE091_garrytweets;IE091;trocaire
2;ngo;3;IE091_siobhanmcurran;IE091;trocaire
2;ngo;3;IE001_kevkeane111;IE001;an_taisce
2;ngo;3;IE012_kirbypeadar;IE012;cloughjordan_ecovillage
2;ngo;3;IE004_rickywhelan;IE004;birdwatch
2;ngo;3;IE037_oisincoghlan;IE037;environmental_pillar
2;ngo;3;IE087_oisincoghlan;IE087;stop_climate_chaos
2;ngo;3;IE079_tmnmkm;IE079;oxfam
2;ngo;3;IE047_emma_geraghty;IE047;friends_of_the_earth
2;ngo;3;IE091_nimccarthy;IE091;trocaire
2;ngo;3;IE091_leighsusb;IE091;trocaire
2;party;0;IE085_pb4p;IE085;s_pbp
2;party;1;IE085_ginosocialist;IE085;s_pbp
2;party;1;IE085_bridsmithtd;IE085;s_pbp
2;party;1;IE085_rboydbarrett;IE085;s_pbp
2;party;1;IE085_paulmurphy_td;IE085;s_pbp
2;party;3;IE045_brophytalks;IE045;fine_gael
2;science;0;IE017_clmirl;IE017;community_law_and_mediation
2;science;1;IE017_rosevwall;IE017;community_law_and_mediation
2;science;3;IE053_cardboardco0kie;IE053;iiea
2;science;3;IE093_caugustenborg;IE093;ucd_environmental_policy
2;state;1;IE011_sineadh2o;IE011;climate_change_advisory_council
2;state;1;IE011_caugustenborg;IE011;climate_change_advisory_council
2;state;3;IE030_cllrjohnlyons;IE030;dublin_city_council
3;business ;0;IE051_ibec_irl;IE051;ibec
3;business ;1;IE051_jackieaking;IE051;ibec
3;business ;1;IE051_obrienfergal;IE051;ibec
3;business ;3;IE051_sineadmkeogh;IE051;ibec
3;business ;3;IE051_gerardbrady100;IE051;ibec
3;business ;3;IE051_clairerdi;IE051;ibec
3;business ;3;IE051_psych911;IE051;ibec
3;business ;3;IE051_sharonhigginsc;IE051;ibec
3;business ;3;IE051_ibecdigital;IE051;ibec
3;business ;3;IE051_termacterry;IE051;ibec
3;party;0;IE045_finegael;IE045;fine_gael
3;party;1;IE045_simoncoveney;IE045;fine_gael
3;party;1;IE045_richardbrutontd;IE045;fine_gael
3;party;1;IE045_leovaradkar;IE045;fine_gael
3;party;3;IE045_paschald;IE045;fine_gael
3;party;3;IE045_jpphelan;IE045;fine_gael
3;party;3;IE045_ciarancannon;IE045;fine_gael
3;party;3;IE045_simonharristd;IE045;fine_gael
3;party;3;IE045_jerrybuttimer;IE045;fine_gael
3;party;3;IE045_reginado;IE045;fine_gael
3;party;3;IE045_hmcentee;IE045;fine_gael
3;party;3;IE045_barrymward;IE045;fine_gael
3;party;3;IE045_davidstantontd;IE045;fine_gael
3;party;3;IE045_fitzgeraldfrncs;IE045;fine_gael
3;party;3;IE045_seerykearney;IE045;fine_gael
3;party;3;IE045_alan_dillon;IE045;fine_gael
3;party;3;IE045_colmmarkey;IE045;fine_gael
3;party;3;IE045_carrolljennifer;IE045;fine_gael
3;party;3;IE045_nealerichmond;IE045;fine_gael
3;party;3;IE045_garretahearn;IE045;fine_gael
3;party;3;IE045_colmburketd;IE045;fine_gael
3;party;3;IE045_maria16byrne;IE045;fine_gael
3;party;3;IE045_john_mcgahon;IE045;fine_gael
3;party;3;IE045_deirdreclunemep;IE045;fine_gael
3;party;3;IE045_josephamadigan;IE045;fine_gael
3;party;3;IE045_emer_currie1;IE045;fine_gael
3;party;3;IE045_votetimlombard;IE045;fine_gael
3;party;3;IE045_conwayforclare;IE045;fine_gael
3;party;3;IE045_mariawalsheu;IE045;fine_gael
3;party;3;IE045_damien_english;IE045;fine_gael
3;party;3;IE045_podonovan;IE045;fine_gael
3;party;3;IE045_campaign4kehoe;IE045;fine_gael
3;state;0;IE024_deptenterprise;IE024;department_of_enterprise_trade_and_employment
3;state;0;IE028_merrionstreet;IE028;department_of_the_taoiseach
3;state;0;IE078_opwireland;IE078;office_public_works
3;state;0;IE067_irishwater;IE067;irish_water
3;state;0;IE026_irldeptper;IE026;department_of_public_expenditure_and_reform
3;state;0;IE025_depthousingirl;IE025;department_of_housing_local_government_and_heritage
3;state;0;IE070_lgmaireland;IE070;local_government_management_agency
3;state;1;IE024_damien_english;IE024;department_of_enterprise_trade_and_employment
3;state;1;IE026_podonovan;IE026;department_of_public_expenditure_and_reform
3;state;1;IE023_1hildegarde;IE023;department_of_the_environment_climate_and_communications
3;state;1;IE024_leovaradkar;IE024;department_of_enterprise_trade_and_employment
3;state;1;IE025_peterburkefg;IE025;department_of_housing_local_government_and_heritage
3;state;1;IE027_hhumphreysfg;IE027;department_of_rural_and_community_development
3;state;1;IE024_pmulligan13;IE024;department_of_enterprise_trade_and_employment
3;state;1;IE029_1hildegarde;IE029;department_of_transport
3;state;1;IE078_podonovan;IE078;office_public_works
3;state;1;IE002_cappacurry;IE002;atlantic_seaboard_north_caro
3;state;1;IE070_mchughnoeleen;IE070;local_government_management_agency
3;state;2;IE070_localgovire;IE070;local_government_management_agency
3;state;2;IE067_iwcare;IE067;irish_water
3;state;2;IE070_librariesire;IE070;local_government_management_agency
3;state;3;IE030_colmorourke1;IE030;dublin_city_council
3;state;3;IE080_mmcjoyce;IE080;seai
3;state;3;IE030_raymcadam;IE030;dublin_city_council
4;party;0;IE069_labour;IE069;labour
4;party;0;IE083_socdems;IE083;social_democrats
4;party;1;IE069_billiesparks;IE069;labour
4;party;1;IE069_seansherlocktd;IE069;labour
4;party;1;IE083_roisinshortall;IE083;social_democrats
4;party;1;IE069_alankellylabour;IE069;labour
4;party;1;IE069_duncansmithtd;IE069;labour
4;party;1;IE083_cathmurphytd;IE083;social_democrats
4;party;1;IE083_garygannontd;IE083;social_democrats
4;party;2;IE069_labouryouth;IE069;labour
4;party;2;IE069_labourlgbt;IE069;labour
4;party;3;IE069_rebeccamoy;IE069;labour
4;party;3;IE069_geraldnash;IE069;labour
4;party;3;IE069_ivanabacik;IE069;labour
4;party;3;IE069_aodhanoriordain;IE069;labour
4;party;3;IE083_ocallaghancian;IE083;social_democrats
4;party;3;IE069_markwall1;IE069;labour
4;party;3;IE069_hoeyannie;IE069;labour
4;party;3;IE083_hollycairnstd;IE083;social_democrats
4;party;3;IE083_whitmorejen;IE083;social_democrats
4;party;3;IE069_brendanhowlin;IE069;labour
4;science;0;IE053_iiea;IE053;iiea
4;science;3;IE053_lukeocallwhite;IE053;iiea
4;science;3;IE053_hannahmdeasy;IE053;iiea
4;science;3;IE053_danobrien20;IE053;iiea
4;science;3;IE053_r_fitzpatrick92;IE053;iiea
4;science;3;IE053_conway_alx;IE053;iiea
4;science;3;IE053_st_frain;IE053;iiea
4;state;3;IE030_darragh_mor;IE030;dublin_city_council
4;state;3;IE030_alisongilliland;IE030;dublin_city_council
4;state;3;IE030_laceydermot;IE030;dublin_city_council
4;state;3;IE030_maryfreehill1;IE030;dublin_city_council
4;union;0;IE056_irishcongress;IE056;irish_congress_of_trade_unions
4;union;0;IE046_forsa_union_ie;IE046;forsa_trade_union
4;union;0;IE082_siptu;IE082;siptu
4;union;1;IE056_owenreidy;IE056;irish_congress_of_trade_unions
4;union;1;IE082_ethelbuckley;IE082;siptu
4;union;1;IE046_kcallinan50;IE046;forsa_trade_union
4;union;1;IE056_kcallinan50;IE056;irish_congress_of_trade_unions
4;union;1;IE046_ronayneeoin;IE046;forsa_trade_union
4;union;2;IE056_g_solidarity;IE056;irish_congress_of_trade_unions
4;union;2;IE056_onemovementcork;IE056;irish_congress_of_trade_unions
4;union;2;IE082_siptuwrc;IE082;siptu
4;union;3;IE046_apike1;IE046;forsa_trade_union
4;union;3;IE046_niallshan;IE046;forsa_trade_union
4;union;3;IE046_lindabtweeting;IE046;forsa_trade_union
4;union;3;IE046_richycarrothers;IE046;forsa_trade_union
4;union;3;IE046_ruthtcrowley;IE046;forsa_trade_union
4;union;3;IE056_drbambrick;IE056;irish_congress_of_trade_unions
4;union;3;IE082_eilishbalfe;IE082;siptu
4;union;3;IE082_roisinb2016;IE082;siptu
4;union;3;IE082_sharoncregan1;IE082;siptu
4;union;3;IE082_martin_orourke;IE082;siptu
4;union;3;IE082_clemshevlin40;IE082;siptu
4;union;3;IE082_montevidian;IE082;siptu
4;union;3;IE046_mullen_derek;IE046;forsa_trade_union
5;energy;0;IE072_marineireland;IE072;marine_renewables_industry_association
5;energy;1;IE092_dave_linehan;IE092;wind_energy_ireland
5;ngo;1;IE021_conndonovan9;IE021;cyclist_ie_irish_cycling_advocacy_network
5;ngo;2;IE001_greencampusie;IE001;an_taisce
5;ngo;2;IE001_nationalspringc;IE001;an_taisce
5;ngo;3;IE004_limosa20;IE004;birdwatch
5;science;0;IE042_esridublin;IE042;esri
5;science;0;IE038_epaireland;IE038;environmental_protection_agency
5;science;0;IE071_mareicentre;IE071;marei
5;science;0;IE039_eriucc;IE039;ucc_environmental_research_institute
5;science;0;IE052_icarus_maynooth;IE052;icarus_climate_research_centre
5;science;1;IE038_eimearcotter;IE038;environmental_protection_agency
5;science;1;IE039_bogallachoir;IE039;ucc_environmental_research_institute
5;science;1;IE008_envjusticeucc;IE008;ucc_centre_for_law_and_the_environment
5;science;1;IE042_alanmbarrett;IE042;esri
5;science;1;IE008_lawenvironment;IE008;ucc_centre_for_law_and_the_environment
5;science;1;IE039_cullotys;IE039;ucc_environmental_research_institute
5;science;1;IE071_bogallachoir;IE071;marei
5;science;1;IE052_climpeter;IE052;icarus_climate_research_centre
5;science;2;IE038_eparesearchnews;IE038;environmental_protection_agency
5;science;2;IE038_stop_food_waste;IE038;environmental_protection_agency
5;science;3;IE052_ger_the_sea;IE052;icarus_climate_research_centre
5;science;3;IE039_hannahedaly;IE039;ucc_environmental_research_institute
5;science;3;IE071_fe_terra;IE071;marei
5;science;3;IE039_eoinlettice;IE039;ucc_environmental_research_institute
5;science;3;IE042_barratree;IE042;esri
5;science;3;IE039_clharris_ucc;IE039;ucc_environmental_research_institute
5;science;3;IE039_paul__holloway;IE039;ucc_environmental_research_institute
5;science;3;IE039_drjeanodwyer;IE039;ucc_environmental_research_institute
5;science;3;IE039_breffnilennon;IE039;ucc_environmental_research_institute
5;science;3;IE071_davvywall;IE071;marei
5;science;3;IE039_npdunphy;IE039;ucc_environmental_research_institute
5;science;3;IE071_gogginsjamie;IE071;marei
5;science;3;IE071_j_m_fitton;IE071;marei
5;science;3;IE039_finorgan;IE039;ucc_environmental_research_institute
5;science;3;IE052_docfloods;IE052;icarus_climate_research_centre
5;science;3;IE042_mccoyselina;IE042;esri
5;science;3;IE071_orlapeach;IE071;marei
5;science;3;IE039_ellenoconnor248;IE039;ucc_environmental_research_institute
5;science;3;IE071_linrichen;IE071;marei
5;science;3;IE071_hannahedaly;IE071;marei
5;science;3;IE071_clharris_ucc;IE071;marei
5;science;3;IE071_finorgan;IE071;marei
5;science;3;IE039_envjusticeucc;IE039;ucc_environmental_research_institute
5;science;3;IE042__shanetimmons;IE042;esri
5;science;3;IE071_samlcox;IE071;marei
5;science;3;IE042_otoolecm;IE042;esri
5;state;0;IE076_npwsbiodata;IE076;national_parks_and_wildlife_service
5;state;1;IE011_mbazilian;IE011;climate_change_advisory_council
5;state;1;IE011_climpeter;IE011;climate_change_advisory_council
5;state;2;IE025_npwsbiodata;IE025;department_of_housing_local_government_and_heritage
5;union;3;IE046_mkgalway;IE046;forsa_trade_union
6;business ;0;IE019_cif_ireland;IE019;construction_industry_federation
6;business ;3;IE019_cifseandowney;IE019;construction_industry_federation
6;business ;3;IE051_georgegill92;IE051;ibec
6;party;0;IE044_fiannafailparty;IE044;fianna_fail
6;party;1;IE044_brendansmithtd;IE044;fianna_fail
6;party;1;IE044_michealmartintd;IE044;fianna_fail
6;party;1;IE044_jackfchambers;IE044;fianna_fail
6;party;3;IE044_erinmcgreehan;IE044;fianna_fail
6;party;3;IE044_malcolmbyrne;IE044;fianna_fail
6;party;3;IE044_paulmcauliffe;IE044;fianna_fail
6;party;3;IE044_daracalleary;IE044;fianna_fail
6;party;3;IE044_niallcollinstd;IE044;fianna_fail
6;party;3;IE044_donnellystephen;IE044;fianna_fail
6;party;3;IE044_joefla;IE044;fianna_fail
6;party;3;IE044_marybutlertd;IE044;fianna_fail
6;party;3;IE044_cosullivantd;IE044;fianna_fail
6;party;3;IE044_jamesbrownetd;IE044;fianna_fail
6;party;3;IE044_lichamber;IE044;fianna_fail
6;party;3;IE044_sean_haughey;IE044;fianna_fail
6;party;3;IE044_jamesoconnortd;IE044;fianna_fail
6;party;3;IE044_billykellehereu;IE044;fianna_fail
6;party;3;IE044_senatorpauldaly;IE044;fianna_fail
6;party;3;IE044_annerabbitte;IE044;fianna_fail
6;party;3;IE044_senatoremurphy;IE044;fianna_fail
6;party;3;IE044_jackiecahillff;IE044;fianna_fail
6;party;3;IE044_mcconalogue;IE044;fianna_fail
6;party;3;IE044_ocallaghanjim;IE044;fianna_fail
6;party;3;IE044_cormacdevlin;IE044;fianna_fail
6;party;3;IE044_shanecassells;IE044;fianna_fail
6;party;3;IE044_mmoynihantd;IE044;fianna_fail
6;state;0;IE075_nescireland;IE075;national_economic_and_social_council
6;state;1;IE028_thomasbyrnetd;IE028;department_of_the_taoiseach
6;state;1;IE028_michealmartintd;IE028;department_of_the_taoiseach
6;state;1;IE028_jackfchambers;IE028;department_of_the_taoiseach
6;state;1;IE025_darraghobrientd;IE025;department_of_housing_local_government_and_heritage
6;state;1;IE022_mcconalogue;IE022;department_of_agriculture_food_and_the_marine
6;state;1;IE024_roberttroytd;IE024;department_of_enterprise_trade_and_employment
6;state;1;IE026_mmcgrathtd;IE026;department_of_public_expenditure_and_reform
6;state;3;IE030_briegemacoscar;IE030;dublin_city_council
6;state;3;IE030_deirdreheney;IE030;dublin_city_council
7;party;0;IE081_sinnfeinireland;IE081;sinn_fein
7;party;1;IE081_maryloumcdonald;IE081;sinn_fein
7;party;1;IE081_moneillsf;IE081;sinn_fein
7;party;1;IE081_padraigmacl;IE081;sinn_fein
7;party;2;IE081_ogra_sf;IE081;sinn_fein
7;party;2;IE081_sinnfeingaeilge;IE081;sinn_fein
7;party;3;IE081_donnchadhol;IE081;sinn_fein
7;party;3;IE081_niallsf;IE081;sinn_fein
7;party;3;IE081_mattcarthy;IE081;sinn_fein
7;party;3;IE081_davidcullinane;IE081;sinn_fein
7;party;3;IE081_chrisandrews64;IE081;sinn_fein
7;party;3;IE081_eobroin;IE081;sinn_fein
7;party;3;IE081_quinlivantd;IE081;sinn_fein
7;party;3;IE081_paul_gavan;IE081;sinn_fein
7;party;3;IE081_johnbradysf;IE081;sinn_fein
7;party;3;IE081_wardy1916;IE081;sinn_fein
7;party;3;IE081_farrell_mairead;IE081;sinn_fein
7;party;3;IE081_lnbdublin;IE081;sinn_fein
7;party;3;IE081_orourke_darren;IE081;sinn_fein
7;party;3;IE081_romurchu;IE081;sinn_fein
7;party;3;IE081_readacronin;IE081;sinn_fein
7;party;3;IE081_clairekerrane;IE081;sinn_fein
7;party;3;IE081_macmanuschris;IE081;sinn_fein
7;party;3;IE081_seancrowetd;IE081;sinn_fein
7;party;3;IE081_imeldamunster;IE081;sinn_fein
7;party;3;IE081_thomasgouldsf;IE081;sinn_fein
7;party;3;IE081_kathleensf1;IE081;sinn_fein
7;party;3;IE081_loreillysf;IE081;sinn_fein
7;party;3;IE081_pauldonnellysf;IE081;sinn_fein
7;party;3;IE081_dmitchelltd;IE081;sinn_fein
7;party;3;IE081_martin_kenny;IE081;sinn_fein
7;party;3;IE081_conwaywalsh;IE081;sinn_fein
7;state;3;IE030_daithidoolan;IE030;dublin_city_council
8;energy;3;IE041_moloney_ger;IE041;esb
8;ngo;3;IE048_davidhealyv;IE048;friends_of_the_irish_environment
8;ngo;3;IE088_seanmaccaba;IE088;tasc
8;ngo;3;IE004_bcaff1;IE004;birdwatch
8;party;0;IE050_greenparty_ie;IE050;green_party
8;party;1;IE050_marckc_green;IE050;green_party
8;party;1;IE050_cathmartingreen;IE050;green_party
8;party;1;IE050_eamonryan;IE050;green_party
8;party;2;IE050_younggreens;IE050;green_party
8;party;3;IE050_rodericogorman;IE050;green_party
8;party;3;IE050_stevensgreen1;IE050;green_party
8;party;3;IE050_costellop;IE050;green_party
8;party;3;IE050_vincentpmartin1;IE050;green_party
8;party;3;IE050_graceosllvn;IE050;green_party
8;party;3;IE050_neasa_neasa;IE050;green_party
8;party;3;IE050_paulinegalway;IE050;green_party
8;party;3;IE050_roisingarvey;IE050;green_party
8;party;3;IE050_smytho;IE050;green_party
8;science;0;IE093_ucdenvpolicy;IE093;ucd_environmental_policy
8;state;1;IE023_eamonryan;IE023;department_of_the_environment_climate_and_communications
8;state;1;IE023_smytho;IE023;department_of_the_environment_climate_and_communications
8;state;1;IE027_joefingalgreen;IE027;department_of_rural_and_community_development
8;state;1;IE011_juliesinnamon;IE011;climate_change_advisory_council
8;state;1;IE029_eamonryan;IE029;department_of_transport
8;state;1;IE026_smytho;IE026;department_of_public_expenditure_and_reform
8;state;2;IE030_dccbeta;IE030;dublin_city_council
8;state;2;IE026_procurement_ie;IE026;department_of_public_expenditure_and_reform
8;state;3;IE030_pidge;IE030;dublin_city_council
8;state;3;IE030_carolynmoore_ie;IE030;dublin_city_council
8;state;3;IE030_janetphorner;IE030;dublin_city_council
8;state;3;IE030_caroline1conroy;IE030;dublin_city_council
8;union;3;IE082_boomsmahon;IE082;siptu
9;ngo;0;IE018_concern;IE018;concern
9;ngo;1;IE018_aidwkr;IE018;concern
9;ngo;1;IE018_johntreacy84;IE018;concern
9;ngo;2;IE018_concernactive;IE018;concern
9;ngo;2;IE018_concerndebates;IE018;concern
9;ngo;3;IE018_tony_cuddihy;IE018;concern
9;ngo;3;IE018_sarahhegarty_pr;IE018;concern
9;ngo;3;IE018_newsbicky;IE018;concern
9;ngo;3;IE018_eamon_timmins;IE018;concern
9;ngo;3;IE018_jessiemaguire91;IE018;concern
9;ngo;3;IE018_clareahern2;IE018;concern
9;ngo;3;IE018_lwright713;IE018;concern
9;ngo;3;IE018_health_hiv2030;IE018;concern
9;ngo;3;IE018_michaelmulpeter;IE018;concern
9;ngo;3;IE018_klairemarshall;IE018;concern
9;ngo;3;IE018_estaunton1;IE018;concern
9;ngo;3;IE018_chuggermaster;IE018;concern
9;ngo;3;IE018_dontmaddenme;IE018;concern
9;ngo;3;IE018_sadhbhgoodhue;IE018;concern
9;ngo;3;IE018_chrispain5;IE018;concern
9;ngo;3;IE018_donaldarcy;IE018;concern
